tweetid,user,content,date,lang,sentiment
769672659793801216,560455070,"Así te paguen bien... Si es a última hora... No se podrá... Y hoy me tocó servir, no es con pago económico, pero el pago me lo da el Rey",Sat Aug 27 23:07:16 +0000 2016,es,N
770775991090380800,76040253,"Manolo: se llama H&M por Hombre y Mujer. Yo: ..pero.es una marca americana, no tendría sentido. Manolo: callate butch. Yo:",Wed Aug 31 00:11:31 +0000 2016,es,NONE
775046786134241280,50862843,"Buen resumen de mi vida amorosa. - Lo he amado por años. - Cásate con él, pé. - AJ, NO. No estoy para mantener a nadie. Que no joda.",Sun Sep 11 19:02:08 +0000 2016,es,N
768333118239412224,714677089589452804,Viendo con mi gordiflaqui LOCA POR LAS COMPRAS y el diciendo se parece un poco a ti o tu a ella jjajajajaja yo no compro tanto,Wed Aug 24 06:24:24 +0000 2016,es,NONE
756763082874056705,599653674,"Yo, la que te reza, la de mil caricias calmas, la que te suspira, la de sueños eternos. Sigo siendo yo, contigo, sin ti, tan tuya sin ti",Sat Jul 23 08:09:13 +0000 2016,es,NONE
762861471420125184,41931821,Necesito un celular decente y mi chip! oshhh al menos una memoria de 32 otra vez! y el próximo año cuzco otra vez por mis fotos!,Tue Aug 09 04:02:02 +0000 2016,es,NONE
765145649482465280,1260925016,"Y comenzó el día mas amado y esperado ja ja! ""Lunes"" a comenzar con los dos pies bien puestos en la tierra. Así que adelante!!.",Mon Aug 15 11:18:33 +0000 2016,es,N
758766537922732033,1921274527,"@Sol_4843 si lo es! pero a mi no me pegó del todo la sentí bien poltergeist, lo cual no quiere decir que sea mala solo que no me ""atrapó""",Thu Jul 28 20:50:14 +0000 2016,es,NEU
761733831829417984,599653674,".....el que confía, el que ayuda, el que ama de corazón. Ser feliz con uno mismo no es tan difícil, no dejes qie los demás te roben eso",Sat Aug 06 01:21:12 +0000 2016,es,NONE
778042894032703488,777650742534471681,Vos enamorate a tu mejor amiga sin que ella lo sepa pero el dia que vos lo sepa o se lo diga como ella lo tomara .... Rzpsta,Tue Sep 20 01:27:35 +0000 2016,es,NONE
784950494712238080,1592229630,"Estoy arta de que todos digan ay si es bien difícil, ay si es bien sacrificada, ay si tienes que estudiar, ay si se van a la mierda?",Sun Oct 09 02:55:56 +0000 2016,es,N
785171661226119172,777668230194270208,"se suave, no dejes que el mundo te haga duro, no dejes que el dolor te haga odiar, no dejes que la amargura robe tu dulzura.. ""PERDONA""",Sun Oct 09 17:34:46 +0000 2016,es,NONE
783147355524722689,126668800,"@hectorandres8 si, parezco niño que cuando sale a la calle todo quiere, y pues me la paso comiendo (flaco no, en vivo se nota mi panza)",Tue Oct 04 03:30:54 +0000 2016,es,NEU
781303184266498049,370481144,Y es jvsto en ese preciso instante en el cval le dices a tv papá Qve qvieres ser Dj y al final tome la decicion de mandarte a la mrd,Thu Sep 29 01:22:49 +0000 2016,es,NONE
780396846564999168,104188301,"People be like ""Rojo terruco! Con el terrorismo no se negocia... a menos que se les venda armas, si se les vende armas todo bien "".",Mon Sep 26 13:21:21 +0000 2016,es,NONE
780395294538145793,2545461185,Buenos días!!!! mi pensamiento esta mañana al despertar es que si o si tengo que ir a dar un paseo al parque y disfrutar de la naturaleza,Mon Sep 26 13:15:11 +0000 2016,es,NONE
779540583505285120,714677089589452804,Todo sacrificio tiene su recompensa Este mes me toco estar apretada de dinero pero todo sea por mi salud Llegaran tiempos mejores,Sat Sep 24 04:38:52 +0000 2016,es,NEU
779693443815772160,44719182,"Acabo de ver a una chica con un saco precioso, tan bonito que me enamoré. Lo malo es que ese saco a mí no me quedaría como a ella",Sat Sep 24 14:46:17 +0000 2016,es,NEU
783081736443949057,168854991,@arremar ke paso????? Xq yano saldran dspues del noticiero 24 horas xqqqqqqqq!!!!!!!!!! Nadie nos da una elicacion,Mon Oct 03 23:10:09 +0000 2016,es,NONE
782056091878354944,44719182,"No, la verdad es que no sé qué haré por el cumpleaños de Yixing. O sea, ¿han visto todo lo que hacen las xingmis? Son muy lindas",Sat Oct 01 03:14:36 +0000 2016,es,P
777620840431190017,212983310,"Todo estaba bien con esta idea de salir a correr, hasta que me puse el polo que usaba hace 5 meses, la última vez que entrené y adiós",Sun Sep 18 21:30:30 +0000 2016,es,NONE
789104159438036993,91648426,Vida? Dormir? Que es eso? Terminé a las 4 mis traducciones y ya tengo que ir al estudio por más Y dicen que traducción es fácil JA JA JA,Thu Oct 20 14:01:07 +0000 2016,es,N
791279840989110272,197164111,Vine en bici a un curso de mi chamba en San Isidro. Genial...!! Solo mi pelo ha sufrido estragos. Pensare en algo para q mañana no suceda,Wed Oct 26 14:06:30 +0000 2016,es,NONE
790619931591188480,141837994,@MichelleMarti20 es un amor viste el nuevo ep ¿¿¿ solo he visto el preview del ep de mañana y matan a la amiga de haesoo a pesar,Mon Oct 24 18:24:15 +0000 2016,es,P
786982676033048576,152121454,"!! Yo solía amarla,Yo sabía que la echaría de menos !! #GNR   Empezando El Dia Griss",Fri Oct 14 17:31:06 +0000 2016,es,NONE
784546895616172032,103643656,"Lo ""bueno"" de viajar o te dejen por hacerlos;es que sacas linea sobre si,realmente,estas ""solo"" o no.En este caso,quedo mas que claro.",Sat Oct 08 00:12:10 +0000 2016,es,NONE
792360202699956224,2627051139,"Yo sólo ame, y Di todo d mi..... aunque no soy perfecta, solo tengo un corazón sincero, una mente que te piensa a cada momento. pitufo",Sat Oct 29 13:39:28 +0000 2016,es,NEU
792968294059741184,714677089589452804,"uso filtro si y tu no? soy morena tal vez, la combinación de un moreno y una blanca que dan una sacalagua esa soy gorda tal vez 53 kilos",Mon Oct 31 05:55:48 +0000 2016,es,NONE
793330444628623360,764956986,"Sanguchitos, cafecito calientito y maraton de peliculitas de #Saw... Yo tambien me llamo Perú. Asi o mas tranqui??? Dulce o Truco???",Tue Nov 01 05:54:52 +0000 2016,es,NONE
796054860302983168,53311422,"@joseedays aww!! Gracias!!!! Muaaaaaaaaaak!!!! No me gusta el sol y estoy en plena auditoría, pero la estoy pasando genial … Muak!",Tue Nov 08 18:20:43 +0000 2016,es,P
797987967151112192,149745531,"Y hoy, que salir de la cama era lo último que quería hacer, nos fuimos de paseo a La Punta valió la pena no quedarse en casa!",Mon Nov 14 02:22:11 +0000 2016,es,P
800115163919683584,91882154,"Me he guardado desde el jueves para salir hoy... y mi mejor amiga me dice: me vino la regla, no la hago. La odio por perra!",Sat Nov 19 23:14:55 +0000 2016,es,N
798949850113069056,7666912,Necesito un te canela en serio no se si llorar o estar alegre o no se que me siento desubicado,Wed Nov 16 18:04:22 +0000 2016,es,NEU
798615555263569920,3189509931,"Mario si me dio pena con esta frase: ""Se que hoy en dia es muy dificil q una chica se acerque a mi"" jajajaja SOLTERA REMIX EN AL AIRE",Tue Nov 15 19:56:00 +0000 2016,es,N
799061464728371200,2557491590,@AnimeMariana jajaa Pos yo igual queria verte cantar!!! :'''v Hubiera estado lindo. Pero pos creo que lo de 50 cosas seria algo genial,Thu Nov 17 01:27:53 +0000 2016,es,P
799136610201796608,1189886544,"Ouch!! ese momento incomodo cuando te preguntan que le viste? ó, no se porque estuviste con el? .... El aspecto no lo es todo",Thu Nov 17 06:26:29 +0000 2016,es,NEU
798019190896541697,2205881702,"""Contigo porque me matas y ahora sin ti ya no vivo"" -->Tal cual! Te mereces todo lo que has conseguido y conseguirás @AbrahamMateoMus",Mon Nov 14 04:26:16 +0000 2016,es,N
799457483911630848,44719182,"@aurpcy YX no, él es tema aparte. Sólo me shippeo con jongdae je Y están próximos, creí eran del mismo signo, iba a shippearlos + hard",Fri Nov 18 03:41:32 +0000 2016,es,NONE
804672475485315073,2287382748,Cada dia se acerca mas la navidad agamos que todos los niños tengan un motivo x cual sonreir invitalo a tu casa buenos dias!!!!,Fri Dec 02 13:04:02 +0000 2016,es,NONE
805101611622268928,1508592188,@Kano_8_ Lo mejor para el es que salga del Club Zidane no le da la Oportunidad de Jugar! A mi no me gusta que este en la Banca.,Sat Dec 03 17:29:16 +0000 2016,es,NEU
804491951563296768,780320298,"Soy la unica que quiere un poco mas a Assereto que a Pesaressi? Ojo, no digo que no quiera a GP pero GA, a él lo quiero un poco mas.",Fri Dec 02 01:06:42 +0000 2016,es,NEU
804898468959584256,299413945,"Trato de manejar esa sensación de: ""no me soporto a mi misma"" de estos ultimos 2 días ¡qué dolor! Es que no soy yo misma. #malditoandres",Sat Dec 03 04:02:03 +0000 2016,es,NONE
804358799561785344,1260925016,Chiste: Había un elefante que se llamaba maíz vino un pollito y se lo comió. ja! Lo sé el chiste no es bueno pero igual te hice reír,Thu Dec 01 16:17:36 +0000 2016,es,NONE
804903069360287744,400493360,¿Quién va a querer a un tipo que llega a su casa a las 12 de la noche a su casa 5 veces por semana? ¿Y que no tiene findes ni feriados?,Sat Dec 03 04:20:20 +0000 2016,es,N
805982827808489472,54100289,A quien no le ha pasado que se pone depre porque extraña a su madre o su padre. Vivi solo 18 años a su lado siento que deseo más tiempo,Tue Dec 06 03:50:55 +0000 2016,es,N
803290850419757056,73730388,"Kekito ya sabe decir ""mono"", ""vaca"", ""oso"" y yo aún no termino de hacer el marco teórico de mi tesis. Ah, y #SeVieneElQuino",Mon Nov 28 17:33:57 +0000 2016,es,N
802586342714548225,719692056738865152,"Hoy estoy muy feliz! Podre subir videos de nuevo, mi grabador ya no me da error Volvere con todo y con un super evento por los 1000",Sat Nov 26 18:54:30 +0000 2016,es,P
804120679515832326,3106067151,cada vez que cito un tweet se va la ubicación sin tampoco poder ponerla en el momento a uds les pasa? TE VEO Y ME PICA VICICONTE,Thu Dec 01 00:31:24 +0000 2016,es,NONE
804128218999640064,3106067151,Ya me olvidé cuál era el canal de youtube donde se podía ver cbt ayer pero espero que lo pasen otra vez TE VEO Y ME PICA VICICONTE,Thu Dec 01 01:01:22 +0000 2016,es,NONE
799769607921958912,59778946,"@magnobolivar 1) wordpress es más pro. 2) Yo tengo un blog, pero mis lectoras son más de estilo upsocl y buzzfeed, eso aún se lee",Sat Nov 19 00:21:48 +0000 2016,es,NEU
801267803453915136,138976970,"Ahorita estaria en Cañete, luego ica, huacho, Arequipa, cuzco, etc. Tmr es cierto cuando dicen ""si el tren pasas, tienes que cogerlo""",Wed Nov 23 03:35:05 +0000 2016,es,N
806367998101585920,871036573,"l'amour no estará de mi lado y ya hace buen tiempo, pero me llena de calorcito lindo de felicidad ver a mis amigas felices, amando.",Wed Dec 07 05:21:26 +0000 2016,es,P
807467900357529600,528054096,"Hace 1 año recibí la peor noticia de mi vida, que mi sobrina mi hija ya no iba a estar mas en este mundo y que pasaría a ser mi Angelita",Sat Dec 10 06:12:04 +0000 2016,es,N
807171625431027712,2618829887,"@adricordva pero y que pasa con ""todo lo puedo en cristo que me fortalece"" ""solo Dios le da batallas a los fuertes"" nada de eso? jajajaja",Fri Dec 09 10:34:46 +0000 2016,es,N
803459066546843648,2184754034,"Estoy a punto de comprarme EL VESTIDO para Año Nuevo, lo malo es que si lo compro los días que faltan me mataré haciendo cardio y abs",Tue Nov 29 04:42:23 +0000 2016,es,NONE
796828749488590848,401674060,"Super Junior es un escape a todas las cosas malas que pasan en mi vida, es por eso que al apoyarlos no lo veo como una obligación",Thu Nov 10 21:35:52 +0000 2016,es,P
796880906111815680,93228495,Putamare!!.. El tío gritó el gol en mi oído estando en el metropolitano!!.. Y lo peor es que yo asustado grité como jerma!!.. Quemadazo!,Fri Nov 11 01:03:08 +0000 2016,es,N
795307827204067329,223713157,"@esquinabaja si pues, lo publica en su muro sin tu tag e igual todos tus conocidos verán esa foto. jaja ya fue! o tierra tragame!",Sun Nov 06 16:52:16 +0000 2016,es,NONE
797616149949255680,2860919680,la rompas en el primer año de sozu psdta: y si acabas de mandarnos indirectas por twitter y hablamos por wsp y fb no tengo problemas....,Sun Nov 13 01:44:43 +0000 2016,es,NONE
797294322957910017,1587200929,"—¿A dónde vas tan maquillada? —A una fiesta, mamá. —¿Eres el payaso? —¡MAMÁAAA! —JAJAJÁ, cállate y hazme reír o no vas. —Ok.",Sat Nov 12 04:25:54 +0000 2016,es,NONE
808728900197027840,619396846,@guillevaldes como siempre impecable Guille,Tue Dec 13 17:42:49 +0000 2016,es,P
808723938968616960,422799173,Me he puesto a llorar en plena oficina porque no podía abrir mi bolsa de m&m's y no quería pedir ayuda para no tener que invitar,Tue Dec 13 17:23:07 +0000 2016,es,NONE
809154774750863361,281763696,"_ Dibujas muy bonito, pequeño saltamontes. _ Sí. *se pone a saltar* _ _ Cuando sea grande voy a ir a las artes. _ A Bellas Artes. _ Sí.",Wed Dec 14 21:55:06 +0000 2016,es,NONE
809905482253135872,56401837,@CarlosCook eso es muy peruano,Fri Dec 16 23:38:08 +0000 2016,es,NEU
809914023584141313,42785312,"Estoy sin palabras, mi corazón esta triste, recién hace unas horas me entere que Chalena Vásquez partió de este mundo, no me lo creo aún.",Sat Dec 17 00:12:05 +0000 2016,es,N
809795932023910404,200333457,@roxy_peru @AlejandroSanz @Ritmo_Romantica que buena noticia Roxi,Fri Dec 16 16:22:50 +0000 2016,es,P
798240825457213440,407126009,"Mañana voy al estadio me dice un amigo y ganamos, claro le digo aunque Brasil es difícil, no me dice yo gano cuidando carros veste...",Mon Nov 14 19:06:58 +0000 2016,es,NONE
798380874098216961,90475043,lo que mas me rompe el corazón es cuando el 76 saca su campo biótico para curar a todo el mundo y luego reaper llega cuando ya se acabó,Tue Nov 15 04:23:28 +0000 2016,es,N
801479513838391296,391126906,Yeihhh de nuevo aqui #AlianzaFrancesa,Wed Nov 23 17:36:21 +0000 2016,es,P
800490925952598016,1347791492,"estar en tumblr/ we heart it, el internet en general es tan frustrante porque veo arte tan hermoso y siento q lo que yo hago es tan",Mon Nov 21 00:08:03 +0000 2016,es,N
800384449779142656,36978773,"Fue un bonito fin de semana cumpleañero : amigos, familia, torta, comida rica, juegos de mesa y muchas risas. Me siento bendecido y feliz",Sun Nov 20 17:04:57 +0000 2016,es,P
800226220713672704,85630727,"@FioBarletti si pues eso q lees en mi perfil son mis rayos X, y claro, tu debes ser todo lo contrario, me amo y adoro asi",Sun Nov 20 06:36:13 +0000 2016,es,NEU
800333080326209536,225079466,@felibesset @GilmoreGirls esperamos los nuevos capítulos,Sun Nov 20 13:40:50 +0000 2016,es,NONE
800923199198347264,521872888,"Aveces cuando leo sus tuits y no entiendo algo, me dan ganas de preguntarles para entender mejor. Pero soy tímido y me quedo con la duda",Tue Nov 22 04:45:45 +0000 2016,es,NONE
802155112512811008,126501228,"No me sorprende que 2ne1 se haya separado, man. Pero aún así me dio en el cora bc es un grupo legendario y empecé mi era kpop con ellas",Fri Nov 25 14:20:56 +0000 2016,es,N
801641363934769152,56401837,@jtorrespadilla fui una buena novia,Thu Nov 24 04:19:29 +0000 2016,es,P
810825286958845952,173484728,Buen día.... Para delante una nueva semana con fe...!!!! Con fe ... Cuanto tiempo me aguantas con mi forma de ser...,Mon Dec 19 12:33:07 +0000 2016,es,NONE
810722044199444481,2169619526,Ya ni voy a hacer bromas weon porque si yo hubiese leído eso durante la salida de Zayn me hubiese empezado llorado y todo que triste,Mon Dec 19 05:42:52 +0000 2016,es,NEU
811366570282938368,10637792,"Nos falta tanto a los peruanos, se nota que nunca tuvimos una gran emergencia, que ni evacuar sabemos eso tarde o temprano pasa factura",Wed Dec 21 00:23:59 +0000 2016,es,N
809194836079222784,481395812,"Yo sería vegana, pero luego pienso en el tremendo pan con chicharrón y camote que me metí el otro día, y no...soy débil, no puedo",Thu Dec 15 00:34:17 +0000 2016,es,NONE
809185762604417025,365722005,"@DerLanPan soy buen hombre, hincha de SC, tengo 2 entradas a Norte, no soy revendedor ....... lo malo es que no las estoy vendiendo",Wed Dec 14 23:58:14 +0000 2016,es,NONE
808894840884887553,481395812,"@LuciaLu26 JAJAJA crjo, no lo dije por ti mi primer saliente fue a esa edad y mi mamá nunca lo aceptó por esto que recién entendemos",Wed Dec 14 04:42:13 +0000 2016,es,NONE
808818921692401664,998039726,"Si es que llego a tener hijos no les pondré nombres difíciles de escribir ni de pronunciar, para que no los molesten como a mí jaja",Tue Dec 13 23:40:32 +0000 2016,es,NONE
808930817774907392,297162863,"@ElohaLing Ayyy, no debí haber tuiteado esto. Olvidé que estabas por acá, no me odies ( Hablo en serio, no es sarcasmo )",Wed Dec 14 07:05:10 +0000 2016,es,NEU
810647507143364609,139583521,"En 1990 una amiga quiso ser policía. Sus padres se opusieron xq las mujeres no podían ser oficiales. Luego de 26 años, tenemos GENERALAS.",Mon Dec 19 00:46:41 +0000 2016,es,NONE
810603087786311684,2271875317,@The_SoulOfLion Hoy no esta juaneco creo,Sun Dec 18 21:50:11 +0000 2016,es,NONE
810551752189759488,796707677346742272,Bajar mucho de peso y no sentirse contenta. Será porque no fue a base de ejercicios. Un mes y quedé,Sun Dec 18 18:26:11 +0000 2016,es,NEU
810643727693778944,1148517385,@lovingmykookie extrañare este tweet como fijado,Mon Dec 19 00:31:40 +0000 2016,es,NEU
812178300474970112,127715557,@danielperedo17 39 goles en 2016 y va al fútbol peruano? Será su video? No vaya hacer que sea igual que de cuto Guadalupe y Esidio jeje,Fri Dec 23 06:09:31 +0000 2016,es,N
812103886089678848,211747584,En comentarios: - Que linda. - Graciaaas. ¡¡Te extraño!! Tenemos que vernos de todas. Por FBC - ¡Hola! - *Visto a las...*,Fri Dec 23 01:13:49 +0000 2016,es,P
812009318430212101,3453491741,"@JayroCerasuolo oh no te la debo negrito, lo lamento, prometo ir al próximo kaos ir desde las 8 pm y guardarte cola",Thu Dec 22 18:58:02 +0000 2016,es,NONE
812998113405308928,407126009,"Hoy es Domingo, hoy es domingo, hoy hoy es domingo, domingo es, si es domingo, ya para no olvidarse buen día",Sun Dec 25 12:27:09 +0000 2016,es,NONE
812862554397691904,163252756,"Después de siete largos años vuelvo a pasar navidad junto con mi mamá, mi papá y mi hermana. Todos juntos con una yapita de sobrino.",Sun Dec 25 03:28:29 +0000 2016,es,NONE
812882971791396868,248938038,pásala bien con todos tus seres que el amor y la paz llene tu hogar con tus seres queridos y muchos éxitos en todo ¡!!!,Sun Dec 25 04:49:37 +0000 2016,es,NONE
812818904099655680,102532665,@InvictosSomos fuera del típico saludo navideño tengo una duda: pasan Navidad juntos o cada uno con su familia? Saludos desde Lima,Sun Dec 25 00:35:02 +0000 2016,es,NONE
813597935187304449,282113268,El quinto día #cousins #Holidays @ Previos Restobar-Pub,Tue Dec 27 04:10:38 +0000 2016,es,NONE
813570762644815872,44719182,"@LightAfterRain_ Ya sé, pásame tu número por interno y yo te paso todo por wpp, de paso que tú también me ayudas con NCT y así",Tue Dec 27 02:22:39 +0000 2016,es,NONE
813583048109387776,362256721,Estoy en esa delgada línea entre jugar un duelo de cartas Yu gi oh en playstation o planchar mi ropa de mañana,Tue Dec 27 03:11:28 +0000 2016,es,NONE
813465472616267776,2523017928,"Está dicho!..mi vida es una gran aventura, lleno de emociones, decepciones, ilusiones, sonrisas,",Mon Dec 26 19:24:16 +0000 2016,es,NEU
813954114061275136,481395812,"@Libranorte te entiendo, toda mi vida me he sentido igual; pero siempre hay que ser fiel a uno mismo",Wed Dec 28 03:45:57 +0000 2016,es,NEU
813976132898852865,108419873,@Madrebeagle no todo es perfecto,Wed Dec 28 05:13:27 +0000 2016,es,NEU
813967100633055232,2681446296,"Todo el dia esperando llegar a casa y comer helado casero, pata encontrarme sin luz y el helado hecho agua putamadreeeeeee",Wed Dec 28 04:37:34 +0000 2016,es,N
812531717416386560,29059875,"Te amo demasiado!!! Por tu sensualidad , inocencia y belleza...porque pareces tonta pero sé que no lo eres y xq eres joven @ArianaGrande",Sat Dec 24 05:33:52 +0000 2016,es,P
812247673323614208,233423556,"Desayuno Yo: wenas me da una quinua porfa -Claro desea pan? Yo: Si uno de cada uno porfa (huevo,palta,jamonada,etc). #NosFuimos",Fri Dec 23 10:45:10 +0000 2016,es,NONE
812852370900033537,2368462700,Un poquito de personalidad por favor jajajaja que ahora pongo algo y ya es por mi amada llena de ego,Sun Dec 25 02:48:01 +0000 2016,es,N
812951984215048192,41056911,"A: Ven aquí... Hey estás fumando! B: Pero todos están fumando A: Sí pero a quien voy a besar, a ellos o a ti? #MeCago #MeEnamore",Sun Dec 25 09:23:51 +0000 2016,es,NONE
814241326808055808,1216754995,"@elmejorerico @silva_alvan @meiermq si los Ramirez dicen q son honrados,becerril q es buen padre,Chacón q sí tiene educ.X q no me crees ?",Wed Dec 28 22:47:14 +0000 2016,es,NONE
814139290758291458,129650129,@jakahatt algún dia se mejorarán las leyes en la parte digital para que se pueda denunciar a quienes aprovechan estos medios para difamar,Wed Dec 28 16:01:47 +0000 2016,es,NEU
814200725580320768,906153056,Cumplí mi caprichito buena compañía #ceviche #chela #pilsen,Wed Dec 28 20:05:54 +0000 2016,es,NONE
814130503158734848,752532420,"La tierra del olvido es una bonita canción, pero cuando la pienso Iquitos sería la tierra olvidada porque seguimos tantos años hasta las",Wed Dec 28 15:26:52 +0000 2016,es,N
814191834213785609,213549899,Camisetas por comprar la 10 de Tevez con Boca y la nueva de Tomas Rincón con la Juve,Wed Dec 28 19:30:34 +0000 2016,es,NONE
814169579786240004,19729967,@RicardoMoran @larepublica_pe me hace muy feliz,Wed Dec 28 18:02:09 +0000 2016,es,P
810185146703998976,481395812,@Lucialacruel en mi casa tampoco JAJAJAJAJA,Sat Dec 17 18:09:26 +0000 2016,es,NONE
810163535208529920,495181229,Hoy toca cocina ¿Qué es mas rico chicharrón o ceviche de pota ??? @ Muelle Fesa ex…,Sat Dec 17 16:43:33 +0000 2016,es,NONE
810161200914759682,1684194686,Totoro casi listo #Imelda #torta #totoro #cake #designcake #pastelería #lima #diseño…,Sat Dec 17 16:34:17 +0000 2016,es,NONE
809975577537105920,557377840,@Fantastiqvs Que pases unas lindas fiestas de fin de año y que el próximo sea mucho mejor para ti y los robots ¡Éxitos en todo Aldo!,Sat Dec 17 04:16:40 +0000 2016,es,NONE
809961459388026880,44765493,"Aprovecharé que no hay nadie en mi casa para subir el volumen lo más alto, gritar a pulmón, y bailar",Sat Dec 17 03:20:34 +0000 2016,es,NONE
809992014301429760,56914588,"Al parecer tu casita no es tan ""ita""...iSe ve divina chinita @KarenSchwarz! Que felicidad por uds. - seguro Dormy tb está re feliz",Sat Dec 17 05:21:59 +0000 2016,es,P
810084979954880513,106650629,"@AndresWieseR cuerito!! Que lo hayas pasado súper grandioso!!! Felices 33, debemos cuidarte más este año!! Edad de cristo!!",Sat Dec 17 11:31:24 +0000 2016,es,NONE
810121220800716800,3301423947,"@chikidelf me fascinas , me provocas , me arrechas !!!! Quiero conocerte y cogerte como nunca e cogido a nadie",Sat Dec 17 13:55:25 +0000 2016,es,P
809965910266036224,373421428,Te das cuenta que ya te va a venir la regla porque te estás empezando a poner bipolar y los antojos por comer dulces aumentaron,Sat Dec 17 03:38:16 +0000 2016,es,NONE
813418761667612672,129093075,Lindo día con sol. #Chimbote #FelizLunes,Mon Dec 26 16:18:40 +0000 2016,es,P
813213621652193280,3362845965,"Mar Negro q se haya caído un avión lleno de músicos, médicos q enviaron para alegrar a la gente en Siria me deja +segura q no existe dios",Mon Dec 26 02:43:30 +0000 2016,es,N
813051057479749632,367452499,"Sin duda, esta fue una noche buena, maravillosa. Compañía, comida y bebida, perfectas. Amo a mi familia.",Sun Dec 25 15:57:32 +0000 2016,es,P
812338429056917505,359678751,"Ojalá que al chico de lado, que acaba de salir de una entrevista, lo llamen sería un buen regalo de Navidad",Fri Dec 23 16:45:48 +0000 2016,es,NEU
812694071961452544,802161709377060864,Por que existe gente bruta !!! Que cuando ven con zapatillas nuevas te las pisan !! Que les pasa? Son dementes ? Peor cuando son blancas,Sat Dec 24 16:19:00 +0000 2016,es,N
812698281969074177,241797091,"@MuniMiraflores @Munozestuvoz hola, ayer separe una cancha de tenis para hoy a las 10 y al llegar estaba ocupada, la alquilaron 3 veces,",Sat Dec 24 16:35:44 +0000 2016,es,NONE
812774460428263424,803006389224349696,#puraresponde feliz navidad pura pasalo super,Sat Dec 24 21:38:26 +0000 2016,es,NONE
812776963349815296,429425842,@DianaSanchez_04 igual Diana desearte una feliz navidad espero la pasé muy bien con la familia Dios te dé muchas bendiciones te amamos,Sat Dec 24 21:48:23 +0000 2016,es,NONE
811340302518775813,88703614,No hay mayores problemas dice vocero Lewin Mejía sobre amago de incendio... es un centro comercial no una bodega @hudwalker @canalN_,Tue Dec 20 22:39:36 +0000 2016,es,N
811236516173377536,42313622,Feliz navidad y un increíble 2017 para toda la familia del voleibol peruano en especial a mis queridos colegas de @ZonaAtaqueCMD,Tue Dec 20 15:47:12 +0000 2016,es,NONE
811048509294186496,1455885379,"@JessicaaaFranco yeah! yo lo intente but se veia todo oscuro, luego me dasanimé je...pero estaría bien que todo el fandom lo haga",Tue Dec 20 03:20:07 +0000 2016,es,NEU
811296597950734336,2421564739,"Uy el trío del masajeo prostatico mutuo se está muy calladito, seguro que estarán botando todo lo relacionado con el jueguico ese.",Tue Dec 20 19:45:56 +0000 2016,es,NEU
811273769461420032,2920770784,"Yo pensaba que el descanso también iba a ser para el fandom, PERO NO! nosotras nunca descansamos Re100 robado #VideoMTV2016 Niall Horan",Tue Dec 20 18:15:14 +0000 2016,es,NONE
811286287370059778,139160979,"Llamar a tu casa apurada , y que se despidan de tí , diciendo .. te quiero mucho , gordita ... Eso soluciona todo! Todo",Tue Dec 20 19:04:58 +0000 2016,es,P
811302584858411009,64450092,@PJimr yo ya pasé todos los gratuitos también. es una maravilla. no he pagado nada. la desconexión forzosa de fin de año creo lo evitará,Tue Dec 20 20:09:44 +0000 2016,es,P
811220709137596416,123634433,"#HolaATodos @rafaelcardozotv Necio!!!!!! Abre tu cerebro porfavor!!! No es la palabra, es el contexto",Tue Dec 20 14:44:23 +0000 2016,es,N
814995423458983936,300379346,En pocos minutos empieza Combate!! Usa el HT #CbtHastaSiempre y coméntanos que fue lo que más te gusto de tu programa favorito...,Sat Dec 31 00:43:45 +0000 2016,es,NONE
815205950785286144,14173147,@Slayer_X @hdanniel hoy juega el Liverpool con el City (y también son las semifinales del futbol americano universitario),Sat Dec 31 14:40:19 +0000 2016,es,NONE
815207325875236864,14173147,"Bueno, ¡a finalizar el último libro que tengo en mi “currently-reading” de @goodreads antes que termine el año!",Sat Dec 31 14:45:46 +0000 2016,es,NONE
814898138418909188,195948547,"@rusosnith que ricoooo, me abriste el apetito!! Solo una cosa. Las aceitunas tienen que ser las negras",Fri Dec 30 18:17:10 +0000 2016,es,P
815230817186304000,160162379,"Me calmo un poco y me voy a comprar por mi cuenta Aunque no tengo ni puta idea a dónde ir, ellos se fueron a donde están las ofertas",Sat Dec 31 16:19:07 +0000 2016,es,NONE
815233017119707137,455289348,"Bueno,gracias a algunos(casi gratis) por confiar su salud en mi(un año más) no se enfermen mucho este año pues, jaja mentira, saludos",Sat Dec 31 16:27:52 +0000 2016,es,P
815240039479255040,42789512,A veces me gustaría que a novia le gustara Disney tanto como a mi. Salen nuevas pelis o avances y necesito fangirlear,Sat Dec 31 16:55:46 +0000 2016,es,NEU
815015040692711425,160162379,"Mejor me regreso a lee el manga, me cuesta mantenerme optimista justo ahora y tengo ganas de hacer drama. #YAsíaNadieLeAgrado",Sat Dec 31 02:01:42 +0000 2016,es,NONE
814521156510236672,14063192,"@JEESrcismo por eso mismo. Yo no veo la diferencia en una supuesta ""vida sana"" impulsada por el veganismo y el resto",Thu Dec 29 17:19:11 +0000 2016,es,NONE
814685083596529665,211391868,"5 días seguidos en el cine, un día de descanso para ver a mis perritas y luego otro día más de cine",Fri Dec 30 04:10:34 +0000 2016,es,NONE
814647831696838656,386092161,Lo bueno que ahora a mi lado tengo a personas que quiero y sobretodo que me quieren .. la mejor decisión que pude tomar .,Fri Dec 30 01:42:33 +0000 2016,es,P
814621486862495745,76040253,"Papá: estás saliendo con alguien? Yo: sí Papá: tendré nuevo hijo? Yo: lo más probable es que si Papá: eres una Butch, una prosti JAJA",Thu Dec 29 23:57:52 +0000 2016,es,NONE
816108610136711168,811447701716004866,"#2añosdelegiónholk Un año antes no me imagine , que un grupo(El mejor) sea mas importante que muchas cosas en mi vida",Tue Jan 03 02:27:09 +0000 2017,es,NONE
816086395706085377,1699400576,"Quiero ver todos los caps de la nueva temporada de Sherlock right now, pero luego sufriré esperando 3 años más para la próxima temporada",Tue Jan 03 00:58:53 +0000 2017,es,NONE
816034423112105984,105887121,Empezamos con un par de problemillas nooooo pero este año hay que ser más +++,Mon Jan 02 21:32:22 +0000 2017,es,NEU
816054586528112641,19729967,@umbral2005 si pero la verdad que función de chistes del que chancó a mi familiar no creo que haga mucha gracia.,Mon Jan 02 22:52:29 +0000 2017,es,N
815777576564195328,233742107,Con entusiasmo y optimismo en este primer día del año. Todo depende de lo que Dios me tiene preparado. #VamosConFe,Mon Jan 02 04:31:45 +0000 2017,es,NONE
815977258074652672,126668800,@andrewmartin711 sin duda es lo mejor,Mon Jan 02 17:45:13 +0000 2017,es,P
815994766102056960,331710505,"Como van tus vacaciones camilita? , es cierto que estas en cancun ? Porque no subes mas snapchats? ,te extraño @camilacabello97",Mon Jan 02 18:54:47 +0000 2017,es,NONE
816083161591513089,1625937601,Tengo hambre de algo salado,Tue Jan 03 00:46:02 +0000 2017,es,NONE
816078082398265346,92863147,"Regresé de la playa hoy y literal todo el día he dormido, y aún sigo con sueño",Tue Jan 03 00:25:51 +0000 2017,es,NONE
816080162722816000,59618808,la mayoria de amigos han viajado a cancún... pasajes baratos o que onda? o yo soy misio y estoy en Lima,Tue Jan 03 00:34:07 +0000 2017,es,NONE
816055981335597056,19729967,Al César: @peru21 fue el primero en nuestro país que sacó a la chica en bikini de sus páginas. Ahora sacó el horóscopo. Felicitaciones.,Mon Jan 02 22:58:02 +0000 2017,es,P
816097968109617152,811447701716004866,#2AñosDeLegiónHolk Llevo como unos 8 meses Talvez menos o mas no sé Me enseñaron y demostraron que LH es algo magico,Tue Jan 03 01:44:52 +0000 2017,es,P
816098946519068672,811447701716004866,"#2AñosDeLegiónHolk No importa que seas ""niu"" o ""old"" Si amas a LH , eres bienvenido a mi casa",Tue Jan 03 01:48:45 +0000 2017,es,P
816002765667389441,211391868,Me preguntó mi nombre!!! Mi último día e interactúo con Samuel! Vaya suerte la mía,Mon Jan 02 19:26:34 +0000 2017,es,N
814537181318549504,608960106,MAPEO DE PROCESOS!!!! PMBOK ya falta poco... Pronto a vente,Thu Dec 29 18:22:52 +0000 2016,es,NONE
814535672547553280,2421564739,"@JordiWild Primero los XV de Ruby ahora Tongo, jaja Giorgio de a pocos vas conociendo Latinoamerica ... aunque no la mejor cara",Thu Dec 29 18:16:52 +0000 2016,es,NONE
814283725576032256,2841584225,"@mariellymc noooooooooo y me cuelgo de la imagen para decir lo mismo "" que tan miserable debo ser? """,Thu Dec 29 01:35:43 +0000 2016,es,N
814313993703718912,44765267,"@emejota_qt un amigo trabajo ahí, se encariño mucho con algunos jóvenes. De hecho te llevas una gran eeriencia",Thu Dec 29 03:35:59 +0000 2016,es,P
814313393884721152,1146364255,@lizdanielalina1 solo rt #QueremosERDLalas930pm no des corazón plis,Thu Dec 29 03:33:36 +0000 2016,es,NONE
814314645666332672,48575182,"@JessicaSolano veras que no es nada grave, mejor ahora que le hagan todo... yo también por San Miguel sola",Thu Dec 29 03:38:35 +0000 2016,es,P
814319369455095808,380442594,"Ya pasó una semana de estar en Camaná y parece que hubiera llegado ayer recién, que rápido se pasa todo",Thu Dec 29 03:57:21 +0000 2016,es,NONE
814505447679868928,2826143705,@Alexander_Isai0 pKAJAJAJJ yo me siento algo quemado y se mee anda pelando la nariz ahr por no ponerse bloqueador,Thu Dec 29 16:16:46 +0000 2016,es,NONE
814552695063375873,762115290020864000,Empezando un nuevo viaje #amoviajar,Thu Dec 29 19:24:30 +0000 2016,es,NONE
814546793358880768,572157855,@vanessasaba75 que tengas un lindo jueves ...,Thu Dec 29 19:01:03 +0000 2016,es,NONE
814602198642552832,196781337,"Maldito maduro mil veces, por su culpa tuve que salir del país y alejarme de ella",Thu Dec 29 22:41:13 +0000 2016,es,N
814260865650348032,246041249,@SSLopezCano Es recíproco. Y eso que casi nos cae @enanagorda. La que se armaba.,Thu Dec 29 00:04:53 +0000 2016,es,NEU
814471124708900864,97778116,"@mariann505 jajajaja dale, hacete la boluda vos jajaja igual a vos nunca se te puede tomar en serio te mando un abrazo desde Perú!",Thu Dec 29 14:00:22 +0000 2016,es,N
815316115807207424,3433885078,"@Angiecava1995 Jajaja nooo, lo digo porque me parece raro ... Sigo sin ánimos de beber",Sat Dec 31 21:58:04 +0000 2016,es,NONE
815345605790826496,197160788,Feliz 2017!!! Cachen más y dejen de ser tan aguantad@s por Tuiter,Sat Dec 31 23:55:15 +0000 2016,es,NEU
815406577645711360,3351299021,"@JimenaTagle sí, como pasa el tiempo verdad? se siente nostalgia y a la misma ves una alegría inmensa Gracias @JimenaTagle !!!",Sun Jan 01 03:57:32 +0000 2017,es,NEU
815358570866745344,2962457649,@ivyjara Te extraño un monton amor,Sun Jan 01 00:46:46 +0000 2017,es,N
815356886895783936,1708132512,Creo que mi papá se ha enojado porque le dije que pasaría Año Nuevo con mi mamá y no con él,Sun Jan 01 00:40:05 +0000 2017,es,NONE
815364609007882240,357340230,"Lo bueno de mi plan es que tienen Internet ilimitado en 3G y 4G, es ilimitado desde que lo contrate hace 5 años",Sun Jan 01 01:10:46 +0000 2017,es,P
815395641660764160,912534385,¡Chica / chico material!! Que la salud y el dinero NUNCA falten este nuevo año #Feliz2017 \o/,Sun Jan 01 03:14:04 +0000 2017,es,NONE
815395639882170368,4613915800,@ItsCister y tambien feliz año aun q en mi pais aun no lo sea :V pero igual,Sun Jan 01 03:14:04 +0000 2017,es,NONE
815393551081242624,912534385,"Y bueno, desde la chamba y tentado por los olores que vienen de casas vecinas: chancho al palo, pavo al horno, lechon... ¡Me dio hambre!",Sun Jan 01 03:05:46 +0000 2017,es,NONE
815410895333584896,998039726,Me daré el abrazo de fin de año sola o khé? por qué se demoran tanto,Sun Jan 01 04:14:41 +0000 2017,es,N
815419995735855104,574993826,"""Yo les deseo que sus deseos sean tan fuertes, que se conviertan en voluntad..."" Feliz 2017!",Sun Jan 01 04:50:51 +0000 2017,es,NONE
815419525307006976,94851136,Por cada detonación de pirotéxnicos a mi Morita parece darle un infarto ¡Terminen de una vez con eso!,Sun Jan 01 04:48:59 +0000 2017,es,NONE
815392095766794240,87532183,@zophiap vaya manera de despedir este año... pero en otros lugares su bienvenida fue fatal,Sun Jan 01 02:59:59 +0000 2017,es,NONE
814865873601261569,12341652,"Esos primeros puestos para Nadine, Alan y Keiko están bien ganados, más bien creo que Ollanta debería estar más abajo. @Imapax",Fri Dec 30 16:08:58 +0000 2016,es,NEU
814981975211708416,481395812,@habitssofmyhrt pero es muy trillado,Fri Dec 30 23:50:19 +0000 2016,es,N
814945032096649217,568633693,Amo los vestidos largos y los enterizos,Fri Dec 30 21:23:31 +0000 2016,es,P
814868058749730816,89712016,"@Lupalma12 por favor, mis innumerables tweets a las 3,4,5 de la mañana hablando webadas avalan mi reinado",Fri Dec 30 16:17:39 +0000 2016,es,NEU
814594299010707456,481395812,"@mistcinamontea claro que sí, por eso deberían permitirlo (pero dentro de las 12 semanas, para evitar algún riesgo como bien dices )",Thu Dec 29 22:09:49 +0000 2016,es,NEU
815549781888167937,4613915800,Bueno Bueno Nuevo año Espero q este año sea mejor q el anterior Y comenzare con ultra drivers,Sun Jan 01 13:26:34 +0000 2017,es,NONE
815602584996245508,103643656,El huevin respectivo debido al feriado...vao a meter una caminata mas sus chelitas para al menos ver que hay abierto en la calle.,Sun Jan 01 16:56:24 +0000 2017,es,NONE
815573589692940288,294287341,"Recibir el año nuevo sin luz, que sean las 10 y sigamos sin luz #micelmuere #notengobateria",Sun Jan 01 15:01:11 +0000 2017,es,N
815561899081367552,3636963555,"Que rico año nuevo Huanchaco 2017 de aquí PUMA PUMKHU mañana me larrrrgo y ya tramitando mi Schenguen, hay cruditas como me hacen feliz",Sun Jan 01 14:14:43 +0000 2017,es,P
815572052753129472,1489810838,@vanessasaba75 Feliz Año Bella! Las mejores vibras,Sun Jan 01 14:55:04 +0000 2017,es,NONE
815440509267279872,198287729,Feliz año! Las mejores vibras y éxitos para este 2017! Cambio y fuera,Sun Jan 01 06:12:22 +0000 2017,es,NONE
815440430024142848,38131374,@pattyulloque Feliz y saludable año nuevo,Sun Jan 01 06:12:03 +0000 2017,es,NONE
815448665061998592,2931254009,!Feliz año nuevo! este 2017 sea realmente un año muy lindo y maravilloso ^_^,Sun Jan 01 06:44:46 +0000 2017,es,NONE
815408035749314560,117183829,Recibir este nuevo año en familia es lo más bonito y con un corazón agradecido por tanta bendición de nuestro amado Dios. #Feliz2017,Sun Jan 01 04:03:19 +0000 2017,es,P
813815846195855360,160791990,No se porque hay gente tan renegara donde dice que fue el peor año.. no solo lloraron TAMBIÉN FUERON FELICES,Tue Dec 27 18:36:32 +0000 2016,es,N
813827309442449409,66272080,"Darth Vader no pudo, y la muerte se la llevo. Qué triste sabee que Carrie Fisher se nos fue #CarrieFisher",Tue Dec 27 19:22:05 +0000 2016,es,N
813780617477423104,88703614,Los ambulantes ya invadieron Gamarra...,Tue Dec 27 16:16:33 +0000 2016,es,N
813800971033870340,362256721,Feliz Cumpleaños @unforesto ! Te deseo los mayores éxitos muchacho! . @YurikitoKSP un par de chelas heladas parfavar!,Tue Dec 27 17:37:25 +0000 2016,es,NONE
813765182384177152,800888185526030336,@BTS_twt yo lo estoy viendo ahora..porque tengo que esperar los subtitulos! ️ pero vale la peno...todo sea por el hermoso de V,Tue Dec 27 15:15:13 +0000 2016,es,NONE
813760561452290048,1908423294,"Fabiola dijo que le pida trabajo a su papa en su constructora , uhmm era que vaya",Tue Dec 27 14:56:51 +0000 2016,es,NONE
813627444850737152,163252756,Nunca me había dormido tanto en una película de timburton que raro,Tue Dec 27 06:07:53 +0000 2016,es,N
812394050632306688,313680598,""" En esta NAVIDAD todo regalo es bueno, decir te quiero es mejor; pero un regalo y un te quiero es mucho mejor """,Fri Dec 23 20:26:49 +0000 2016,es,P
812398630137012224,387404397,@DavidJeffer06 Ay! Esas medias tan lindas,Fri Dec 23 20:45:01 +0000 2016,es,P
812357107680833537,908461327,Feliz de ver a mis amigos felices #BuenaVibraAlFin,Fri Dec 23 18:00:01 +0000 2016,es,NONE
817769438720258050,176214528,@Martinalonsor es que estoy sola,Sat Jan 07 16:26:42 +0000 2017,es,NONE
817632248874708992,2962457649,"@ivyjara No te cambiaria , ni por la mujer más bella del mundo , Porqué Solo tengo ojos para ti ",Sat Jan 07 07:21:33 +0000 2017,es,P
817631222989930497,2962457649,"@ivyjara Sabes qué cuando jugue basket contigo , me senti Feliz , pero en mi cabeza tenia muchas dudas , si tu papá me aceptara o no",Sat Jan 07 07:17:29 +0000 2017,es,NEU
817746319527804930,775549057158766592,Un poquito amarga mama #UnaSemanaDel2017YYo #felizdiadereyes #OTConcierto #HablaVillaran #SIGUEMEYTESIGO,Sat Jan 07 14:54:50 +0000 2017,es,N
817936463371390977,84945151,"Estoy en @McDonalds_PER del parque kennedy y me he dado con la triste sorpresa que ya no dan el ají increíble ya nada es igual, nada",Sun Jan 08 03:30:24 +0000 2017,es,N
817931912882909185,1426367294,Quiero un perro así porfiii.,Sun Jan 08 03:12:19 +0000 2017,es,NONE
817952421326393344,2962457649,"Decepcionado , este dolor ya lo tengo acostumbrado",Sun Jan 08 04:33:48 +0000 2017,es,N
817780539105177601,2865943228,"@ChenteOink jajajaja este es un plato del restauran de mi casa, cuando quieras tienes tu descuento familiar",Sat Jan 07 17:10:48 +0000 2017,es,NONE
817792159915114497,632574590,Adiós alcohol fue lindo mientras duro,Sat Jan 07 17:56:59 +0000 2017,es,NEU
817940166056800256,420835423,Lo que decidas hacer. Asegúrate que te haga feliz #EsteVeranoDebería #SerIntenso,Sun Jan 08 03:45:06 +0000 2017,es,NEU
817839317485764609,2492230415,Caminar un rato siempre es bueno #gamers #paseo #disfrutalavida @ Miraflores,Sat Jan 07 21:04:22 +0000 2017,es,P
817876599647387648,2806931655,Lo bueno de ir al gym es que tu personal training sea muy muy guapa,Sat Jan 07 23:32:31 +0000 2017,es,P
817905673992183809,160667696,Lo malo de no saber cocinar es que debes tolerar los suculentos platos preparados por tu hermana o simplemente no comer. #PornFood,Sun Jan 08 01:28:03 +0000 2017,es,N
817898537237086210,91632559,"Ricardito es un buen amigo y su abuelita necesita apoyo. RT por favor, gracias BBVA: 0011-0057-0211103133",Sun Jan 08 00:59:41 +0000 2017,es,P
817896287613943810,2793029074,"@Anthromet Nunca dije que el docente no enseña. Lo que me interesa es el alumno aprenda, por ello el docente orienta el aprendizaje.",Sun Jan 08 00:50:45 +0000 2017,es,NEU
817924893723521024,342979793,@Efrainpuntocom sígueme por ig por allá estoy más activa que aqui,Sun Jan 08 02:44:25 +0000 2017,es,NONE
817136337094524928,134167484,“@Maagazu: @PierinaDiUre los sobrevivientes llenos de luz son vitales para el mundo!” Porque contagian esperanza,Thu Jan 05 22:30:59 +0000 2017,es,P
817096478598500352,112088294,"@nashi_awaji claro! Es una trilogía genial aunque depresiva, Pero no se xq ayer cuando dijiste del Kage... tenía una mezcla en mi cabeza",Thu Jan 05 19:52:36 +0000 2017,es,NEU
817080196843139074,103491918,"Aahhh bueno, gracias a todos por sus buenas vibras, sí quede para el trabajo",Thu Jan 05 18:47:54 +0000 2017,es,NONE
817027542414716928,56559501,@PoluxBlack en francia probé un ramen de bolsa que era más rico que Tokyo Ramen llévenme al primer mundo,Thu Jan 05 15:18:40 +0000 2017,es,P
817052226791362560,744529505004335104,#DalasCastigos No atendia en clase y la profesora para castigarme me mandaba a trabajar en el campo... maldita profesora,Thu Jan 05 16:56:45 +0000 2017,es,NONE
817058831398092801,260414047,"Entró una venezolana a trabajar en la empresa donde laboro. Me apena la crisis en su país, está bien jodido todo allá.",Thu Jan 05 17:23:00 +0000 2017,es,N
817056624187764736,233678596,"@Brigittgt y con ""las conozco"", me refiero a Maria y Krisbell . Mandale mis saluditos, somos ingratas todas",Thu Jan 05 17:14:14 +0000 2017,es,N
817066423763824640,1514253110,"@Isaa5309 Sabíamos que en la mañana, en el caso de SONE, la mayoría trabaja y eso pero valía la pena al menos fuimos en Lima #TeamSNSD",Thu Jan 05 17:53:10 +0000 2017,es,NONE
816766107054907393,362256721,@JesusEduardoG @xeilachvr @YouTube vi ese video hace un tiempo me pareció chevere . Pero no me gusta la canción,Wed Jan 04 21:59:49 +0000 2017,es,NEU
816787912633282560,1426367294,Peeeeeero que necesidad hay para que tanto problema. JAJAJA,Wed Jan 04 23:26:28 +0000 2017,es,NONE
816263871514165248,2172697734,Vamos Ame vamos....bahhh.....q mas da.....conence el año cansada..... quiero solo dormir hoy....,Tue Jan 03 12:44:07 +0000 2017,es,NONE
816210165443792896,447232578,Oks no fue buena idea venir,Tue Jan 03 09:10:42 +0000 2017,es,N
816282047044001792,16399842,Una de las cosas más maravillosas en mi mundo es salir tarde y llegar a tiempo,Tue Jan 03 13:56:20 +0000 2017,es,P
816429474229186561,76040253,"Amigos, me sacaron la mierda hoy pero estoy feliz",Tue Jan 03 23:42:09 +0000 2017,es,NEU
816432547613855744,328568339,"Al callejerito Hércules le han medio destrozado el ojo derecho Ptm!!! Quien ha sido!!! Maldición, quiero matar!!!",Tue Jan 03 23:54:22 +0000 2017,es,N
816495382209372160,604968526,"Pasajes Maleta Mis 3 potes de bronceador Alguien está emocionada, excepto por dejar a Salem solito",Wed Jan 04 04:04:03 +0000 2017,es,NEU
816499522629238785,367452499,"@Elicrema He ahí, el misterio del por qué no llegas a la fase REM, resuelto.",Wed Jan 04 04:20:30 +0000 2017,es,NONE
816515382307651584,143573585,"3 de enero, fecha mágica, fecha viajera, fecha de hacer sueños realidad",Wed Jan 04 05:23:31 +0000 2017,es,NONE
816349095161954304,36860086,"@BleuatreMil se muestran solitos, no está difícil la cosa felizmente",Tue Jan 03 18:22:45 +0000 2017,es,P
816355389566570496,3338311792,@jibajawo Espero que para ti tbn sea un buen año.,Tue Jan 03 18:47:46 +0000 2017,es,NONE
816357377360482304,1308433784,@joannabolona trankila colorada ya saldra el sol paciencia,Tue Jan 03 18:55:40 +0000 2017,es,NONE
816486473226735617,362256721,@xeilachvr @YurikitoKSP jajaja ya somos un pollito! La próxima semana? a ver que dice @unforesto,Wed Jan 04 03:28:39 +0000 2017,es,NONE
816148254760964096,92863147,Que tortura tener que ir al Icpna temprano justo en mi semana de vacaciones del trabajo,Tue Jan 03 05:04:41 +0000 2017,es,N
816471300327743491,258109011,"Sí, suelo ser indiferente y despistada a varias cosas, personalidades y actitudes, sobretodo las que no me interesan. Vivo con los mios",Wed Jan 04 02:28:21 +0000 2017,es,NONE
816409076473139201,486704591,@jbendezu Hola Javier. Te escribimos la vez pasada indicando que será en la conferencia anual de Los Productores.,Tue Jan 03 22:21:06 +0000 2017,es,NONE
816382826547269633,3541092917,"Que histérico es la bestia, pobre bella",Tue Jan 03 20:36:48 +0000 2017,es,N
816399733811986432,33227389,"Toca ir a trabajar así me duela el tobillo, necesito el dinero ya que ahora es mi único ingreso.",Tue Jan 03 21:43:59 +0000 2017,es,NONE
816141416992645120,211391868,Mi mamá me acaba de robar mi oso de peluche Pero tengo a mi bello Snorlax,Tue Jan 03 04:37:31 +0000 2017,es,NONE
816160380900798465,152149441,Buen año nuevo gracias.... @alesalazarm @marielaslazar @romi_rb5 @AnikaJohana #conlasmejores,Tue Jan 03 05:52:52 +0000 2017,es,NONE
816997535197827073,998039726,Debo dejar de hacer bromas porque cuando hable en serio no me creerán,Thu Jan 05 13:19:26 +0000 2017,es,NONE
817181841677553665,2282665250,Me hacen feliz estos momentos,Fri Jan 06 01:31:48 +0000 2017,es,P
817211593398304770,314335297,"Quiero decirte, hola, como estas? Pero... los check azulitos me dan miedo",Fri Jan 06 03:30:01 +0000 2017,es,NEU
817145064799535104,571259159,"RIP Dean ""pestañas perfectas"" Winchester. Ya sé que va a regresar en el siguiente capítulo, pero igual",Thu Jan 05 23:05:39 +0000 2017,es,NONE
817188971394404352,117313618,"Primera reunión del equipo... ""¿Qué Tiene Miguel?"" Pronto!!!! @ Ginebra",Fri Jan 06 02:00:08 +0000 2017,es,NONE
817235975801864192,33079566,Tantos argentinos y @triedtodomeache no viene,Fri Jan 06 05:06:54 +0000 2017,es,NONE
817240904004210688,367452499,"@VaneCastilloP No creo que tanto, ah. Lo que sí, es que será mucho más placentero.",Fri Jan 06 05:26:29 +0000 2017,es,P
817250970493030400,1225661000,@EchavarriaNaya y lo bueno que no engordo,Fri Jan 06 06:06:29 +0000 2017,es,P
817278779794083840,134189158,"Lo malo de no poder dormir, es que a estas horas no tengo a quien molestar, todos duermen.",Fri Jan 06 07:57:00 +0000 2017,es,N
818193450193526784,84767721,No tomo alcohol y siento que mi cuerpo esta adormecido,Sun Jan 08 20:31:34 +0000 2017,es,NONE
818187302073761801,18360671,@mariagraciav gracias! y aun no se que dia pero creo que el 12/13 estare libre en Lima,Sun Jan 08 20:07:08 +0000 2017,es,NONE
818143683417690113,260432595,Es criminal que me hagan caminar tanto hoy,Sun Jan 08 17:13:49 +0000 2017,es,N
818146704784494592,176572952,@JesusAlzamora No yo no lo senti pero dicen que fue de 4... lo bueno es que siempre hay que estar atentos,Sun Jan 08 17:25:49 +0000 2017,es,NONE
818141872333819904,148445379,"@zombiepolares oye no, que feo",Sun Jan 08 17:06:37 +0000 2017,es,N
817991143199752192,330480478,"No soy celosa, sólo marcó mi territorio",Sun Jan 08 07:07:40 +0000 2017,es,NEU
818113174583017473,54597445,"Pasan los años pero las resacas siguen siendo un misterio. Ayer tomé ron puro y me he levantado tan pancho, tan fresco. Aquí no pasó nada",Sun Jan 08 15:12:35 +0000 2017,es,NONE
818119535777685508,632574590,Que lindo es levantarse sin resaca,Sun Jan 08 15:37:51 +0000 2017,es,P
818203135113994240,4159943889,Escuchando soundtracks antiguos... primero en nostalgia y ahora caigo en depresión.,Sun Jan 08 21:10:03 +0000 2017,es,N
818210561339039744,4604172089,Lilo y Stich Somos ohana #Ohana #Familia #LiloyStich,Sun Jan 08 21:39:34 +0000 2017,es,NONE
818210083486187521,3636963555,Fragmento del regalo de navidad de mi Mami ELLA SI SABE. Como escribir libros sin escribir ninguno by OSHO,Sun Jan 08 21:37:40 +0000 2017,es,P
818212432778821632,2478570380,"Espero llegar al work, estoy dms cansada",Sun Jan 08 21:47:00 +0000 2017,es,NONE
817976382110257153,41931821,"escucho una canción romántica, de esas que serían hermosas dedicar, pero no hay nadie en quién pensar Nadie me gusta carajo",Sun Jan 08 06:09:01 +0000 2017,es,NONE
818008106684809216,3378252471,Cuidando mi cachete derecho para que ne salga un grano en el izquierdo,Sun Jan 08 08:15:05 +0000 2017,es,NONE
818091358061785089,260001749,¿Alguien de buen corazón que quiera hacerse el desayuno?,Sun Jan 08 13:45:53 +0000 2017,es,NONE
818129488949243904,354010473,Pasa la noche conmigo bonita y quédate mañana todo el día,Sun Jan 08 16:17:24 +0000 2017,es,NEU
816815065051660288,259889359,"Me he en encontrado como 8761653729751528763 Colombianos entre Lima y Nasca, Perú.",Thu Jan 05 01:14:21 +0000 2017,es,NONE
816605906716807168,4613915800,"Me esta encantando la animacion encerio :,) Cuando veo el final me da un poco ganas de llorar :,) Bueno solo me falta background y texto",Wed Jan 04 11:23:14 +0000 2017,es,P
816829495604903936,411805895,@inksquid43 sí. Se desató una lluvia intensa y me empapó las únicas zapatillas que tenía y ahora ya no puedo salir a comprar comida,Thu Jan 05 02:11:42 +0000 2017,es,NONE
816144171476090880,310968615,@VictorinoSv yo amenecí mal y estaba en el hospital u.u pero ya estoy regresando a casa.,Tue Jan 03 04:48:28 +0000 2017,es,NONE
816130797228949504,776768817821286400,"Mario Bros cruzó 200 mundos, mató a 4000 enemigos sólo para ver a su princesa y tú no eres capaz de mandarle un jodido mensaje.-.- idiota",Tue Jan 03 03:55:19 +0000 2017,es,N
818551788047470592,312135199,Soy una mrd de persona con buenos deseos,Mon Jan 09 20:15:28 +0000 2017,es,NEU
818619080890585089,116823359,El mejor #piropo de mi vida «estás #buchisapa y pareces un #kion»,Tue Jan 10 00:42:52 +0000 2017,es,N
818464229594382337,49317235,Decidido: lanzo canal de YouTube. Con qué canción o con qué tema me aconsejan que empiece?,Mon Jan 09 14:27:33 +0000 2017,es,NONE
818483269255761920,711592506329329666,"Hasta lo peor de mi, quiere lo mejor para ti",Mon Jan 09 15:43:12 +0000 2017,es,NEU
818508234482970625,141070574,"16 chocolates Ferrero no fueron suficientes, pa la próxima ojalá me regalen la de 54",Mon Jan 09 17:22:24 +0000 2017,es,N
818519533522735105,7063882,@mfv7 Ayer la agarré a medias. Aún no veo el episodio completo,Mon Jan 09 18:07:18 +0000 2017,es,NONE
818530002224484355,35320548,"@Dilger_A @Peruchapromedio Buenísimo, porque era hasta 30 soles por 2 horas y 28 minutos (con impuestos) la primera semana de enero.",Mon Jan 09 18:48:54 +0000 2017,es,NONE
818466369519939587,45294369,No te tomes la vida tan en serio. Diviértete y has tonterías cada vez que puedas,Mon Jan 09 14:36:03 +0000 2017,es,NONE
818555723118510082,998039726,No me quiero ir bueno sí pero no,Mon Jan 09 20:31:07 +0000 2017,es,NEU
818578508519653377,3145510649,hola si quieren ver la historia que publico entren aqui gracias,Mon Jan 09 22:01:39 +0000 2017,es,NONE
818581007813132288,35320548,"@Joe_Padisha_Mon @DiarioDeCurwen Estaba en otro horario pero yo no podía ir. Claro, como mejor te acomode.",Mon Jan 09 22:11:35 +0000 2017,es,NONE
818604391624228869,231455673,que rico es salir a esta hora del trabajo más tiempo para escuchar @RadiomarPlusFM y a mi @Nandocabanillas,Mon Jan 09 23:44:30 +0000 2017,es,P
818505881130323968,58539270,@AlfonsoEmilioL La próxima vez que no vea lo entrevisto y pregunto que escucha.,Mon Jan 09 17:13:03 +0000 2017,es,NONE
818542605390725120,68750328,@mayrapierola no todas las personas nena. Yo nunca seré cagada contigo,Mon Jan 09 19:38:59 +0000 2017,es,NONE
818540429478076417,112068813,@EstefLescano me siento triste amiga,Mon Jan 09 19:30:20 +0000 2017,es,NONE
818485436721074178,407126009,"A ver cuantos extranjeros consignan direcciones falsas, vayan y arrestenlos, cuando uno viaja a otro país te exigen todo, donde y cuando",Mon Jan 09 15:51:49 +0000 2017,es,N
818633948691623936,59285587,Cuando sales a comer solo #sunglasses #blackandwhite #bn #mall @ Real Plaza - Centro Civico,Tue Jan 10 01:41:57 +0000 2017,es,NONE
818269038702956549,764243,"@paunik oh. los mios tampoco, asi que por eso lo veo solo, en la tele vieja",Mon Jan 09 01:31:56 +0000 2017,es,NONE
818262299962179584,112088294,"@pau_2189 siempre la gente es pesada, pero normal Pau, que te llegue",Mon Jan 09 01:05:09 +0000 2017,es,NEU
818261014407843840,312135199,"Al final, siempre me quedo sola en casa",Mon Jan 09 01:00:03 +0000 2017,es,NONE
818282054945243137,1225569499,A un paso de darle una vuelta completa a nuestro sol Lov u @ El Tizón,Mon Jan 09 02:23:39 +0000 2017,es,NONE
818281689210294272,399044243,Ese aplauso para Diego Luna y Felicity Jones fue estruendoso. Tengo ganas de ver Rogue One y no puedo,Mon Jan 09 02:22:12 +0000 2017,es,P
818307265287651328,116578613,Ahora queda esperar a que se estrene en nuestra cartelera las últimas películas voceadas para los premios Oscar,Mon Jan 09 04:03:50 +0000 2017,es,NONE
818326111813849090,1637649008,Ya tengo en mente mi próximo tatuaje,Mon Jan 09 05:18:43 +0000 2017,es,NONE
818306075292270593,42789512,"@JacquiRQ @dukeleleh obvio. Pero sin postre al final, mucha obesidad",Mon Jan 09 03:59:06 +0000 2017,es,N
818299354964488197,131080956,"Sé fiel a ti mismo, nunca es tarde para hacer las cosas bien",Mon Jan 09 03:32:24 +0000 2017,es,NEU
818299172323557376,173266034,"@Florinm2709 Si no eres una mala influencia, fracasaste como mejor amiga. gracias amiga",Mon Jan 09 03:31:40 +0000 2017,es,NONE
818315127221026820,2817586281,no xq xq xq xq me duele mucho yo pensaba que ella no era así,Mon Jan 09 04:35:04 +0000 2017,es,N
818318742375387136,310968615,"Csmre, es porque no me puse el puto calzón amarillo...¿verdá?",Mon Jan 09 04:49:26 +0000 2017,es,N
818248298049966080,90475043,"@an_luc ya sé. y con lo mío es especialmente difícil. bro, esto no es exclusivamente sobre la plata u know this",Mon Jan 09 00:09:31 +0000 2017,es,N
818322194359062528,91035261,Mi celular se cayó horrible y por lo visto se afectó la cámara frontal.,Mon Jan 09 05:03:09 +0000 2017,es,NONE
818342597257261056,101498536,@TatianaAstengoB esa serie se nota muy interesante a verla por Netflix,Mon Jan 09 06:24:13 +0000 2017,es,P
818442935574417408,34017433,"Buenos días tuiterlandia! Y hoy en #lavidamodernadetimmy ""me olvide de lavar toda mi ropa"" y las formas de llegar tarde al trabajo",Mon Jan 09 13:02:56 +0000 2017,es,NONE
818440083632168960,357340230,Que rico es ver el clima nublado,Mon Jan 09 12:51:36 +0000 2017,es,P
818230623663955968,730504674852360193,@esquinabaja LO vi !! lamentable realidad,Sun Jan 08 22:59:17 +0000 2017,es,N
818033550087831552,1398164449,"@Quillaquiroz y, según yo, miradas a los ojos que valen por mil (todo de manera independiente a la sustancia ""amor"")",Sun Jan 08 09:56:11 +0000 2017,es,NONE
818032207872884736,1282075148,"@Terafobia buenos días princesa Era inevitable, tenía que decir esa frase de #lavidaesbella",Sun Jan 08 09:50:51 +0000 2017,es,NONE
817990722343358464,754115912849063936,Desde mañana me dedicaré a estudiar y dejaré mis sentimientos amorosos por otro lado,Sun Jan 08 07:06:00 +0000 2017,es,NONE
817990281123532801,330480478,Es el único trago que tomó puro,Sun Jan 08 07:04:15 +0000 2017,es,NONE
815679656728915968,119967520,Un nuevo ciclo y con muchas cosas por realizar,Sun Jan 01 22:02:39 +0000 2017,es,NONE
815744365054332928,25603249,"@claudiaizaguirr muchas gracias, de igual manera",Mon Jan 02 02:19:47 +0000 2017,es,NONE
815765024828440576,262337991,@JorgeIsique jajajaja feliz año enano cuando vengas ya,Mon Jan 02 03:41:52 +0000 2017,es,NONE
815897556953825281,33079566,Tuve una pesadilla asquerosa y me he levantado molesta,Mon Jan 02 12:28:30 +0000 2017,es,N
815906857898377220,168600503,Me gusta mucho ir a Chepén y estar con la familia de Kike. Lo que no me gusta es tener que trabajar el lunes siguiente,Mon Jan 02 13:05:28 +0000 2017,es,NEU
815761458470350848,309388389,Resaca vete ya Mañana tengo que trabajar,Mon Jan 02 03:27:42 +0000 2017,es,NONE
815947244738412545,609365041,"@yogui0076 @Capital967 @camcesar el tiempo promedio para ejercitarse, es de 1hr. Si quieres más tiempo, la alimentación también cambia",Mon Jan 02 15:45:57 +0000 2017,es,NONE
815724656967749633,3127575525,Un buen inicio de año #Playa #Sur #Familia #Bronceadita,Mon Jan 02 01:01:28 +0000 2017,es,P
815735961426329600,377644616,Mañana de nuevo a lo de siempre.,Mon Jan 02 01:46:23 +0000 2017,es,NONE
815752779486597120,4171006995,@OxanaJuliana1 estan lindos tus gatitos.- producen ternura,Mon Jan 02 02:53:13 +0000 2017,es,P
815842612565463040,570600381,Casi me quedo dormido en el bus hasta Trujillo,Mon Jan 02 08:50:11 +0000 2017,es,NONE
815799462912282624,357340230,@ninobracho no reniegues y pasa un super inicio de año,Mon Jan 02 05:58:43 +0000 2017,es,NONE
815711058941902849,181714351,Este cuarto se siente muy vacío sin mis amiguitos y su bulla,Mon Jan 02 00:07:26 +0000 2017,es,N
815717784244158465,713559703,@IvettlyOficial Lo mejor de l 2016 fue ver crecer a Ivettly y pasar momentos de alegría y tristeza pero llenos de enseñanzas.,Mon Jan 02 00:34:09 +0000 2017,es,P
815717536402731013,11253842,"Cusco, la luna y yo, recibimos com los brazos abiertos al primer día del 2017 #cusco…",Mon Jan 02 00:33:10 +0000 2017,es,NONE
815722210379857920,141646834,Que rico es dormir con el sonido de la lluvia,Mon Jan 02 00:51:44 +0000 2017,es,P
815693975835344896,140514928,@Victoriaasabo vi hasta el 2do episodio pero te hare caso,Sun Jan 01 22:59:33 +0000 2017,es,NONE
817701739658776577,168600503,@danidiazcordova @Silvia_Dg pero que mejor se dedique a salud pública ella es mi esperanza,Sat Jan 07 11:57:41 +0000 2017,es,NEU
817714388945817600,1260925016,Hermoso sábado del primer mes del 2017 espero disfrutar como espero que tu también..,Sat Jan 07 12:47:57 +0000 2017,es,P
817731310601011202,139552619,Reyes magos ; dinero .incienso y mirra para un rey que seria crucificado #Jesus,Sat Jan 07 13:55:11 +0000 2017,es,NONE
817592024329285632,54597445,@fioyaz Es que tu tuit me recordó a un diálogo de una serie muy graciosa que yo veía seguido antes. Pero no es,Sat Jan 07 04:41:43 +0000 2017,es,NONE
817569745541234691,16399842,Alguien que me regale una ektachrome y una cámara misia antigua,Sat Jan 07 03:13:11 +0000 2017,es,NONE
817569061513101312,31321996,"Por qué no quieres venir a mi edificio @ClaroPeru Los idiotas de @soportemovistar me cuelgan, me llevan paseando una hora, les da igual.",Sat Jan 07 03:10:28 +0000 2017,es,N
817578037520855044,3350876285,"Siempre me tengo que enamorar de alguien en el micro y cuando me bajo, despedirme es lo más doloroso",Sat Jan 07 03:46:08 +0000 2017,es,NONE
817612205981986818,312135199,Vamos a trabajar más en ello No puedo volver a ser una persona flemática,Sat Jan 07 06:01:55 +0000 2017,es,NEU
817555033311117312,3350876285,"No se que está pasando conmigo ultimamente, pero extraño a toodooos",Sat Jan 07 02:14:44 +0000 2017,es,NONE
817585149684711425,3084716093,Que seriedad pues papá!! A ver el cabello con TINTE? Me da bien? MEJOR PREFIERO NATURAL! Así me identifico,Sat Jan 07 04:14:24 +0000 2017,es,N
817609806626201600,624154199,@larepublica_pe sabran los jueces quê es honestidad? ?..y respeto? ?..no postulaba a un mercado de abastos. .si claro p lo q le interesa,Sat Jan 07 05:52:23 +0000 2017,es,N
816536176790302720,91035261,"Estoy contenta, acabo de ver que los gustos que en algún momento transmití sobre una banda en específica, ha llegado a otra persona más.",Wed Jan 04 06:46:09 +0000 2017,es,P
816611059385634816,255835459,Sólo piensa q diste todo... y duermes tranquila,Wed Jan 04 11:43:43 +0000 2017,es,NONE
817018753082920960,523666695,@RPPNoticias @MidisPeru una buena noticia! No más frazadas. Sí más casas calientes,Thu Jan 05 14:43:44 +0000 2017,es,P
816979159914254336,580497512,"Nunca dejes el fb abierto y tu hermana a lado, es un PELIGRO!",Thu Jan 05 12:06:25 +0000 2017,es,N
817663109368311808,569426662,Mis demonios internos me dicen tatuajillos pero mi corona me dice no,Sat Jan 07 09:24:11 +0000 2017,es,NONE
817644034277552128,2962457649,@ivyjara Me cambiarias Por dinero o Por El chico más guapo del mundo,Sat Jan 07 08:08:23 +0000 2017,es,NONE
817642271189258241,2962457649,"@ivyjara Como quisiera volver al pasado, para decirme a mi mismo para qué no te haga daño nunca",Sat Jan 07 08:01:23 +0000 2017,es,N
816374858435137536,313019438,"@teleSURtv bien!!!viva México,viva los pueblos indígenas,viva una América libre!!!",Tue Jan 03 20:05:08 +0000 2017,es,P
816386704911147008,373421428,En Magdalena pasó Elsa de Frozen o qué? Está nubladazo,Tue Jan 03 20:52:12 +0000 2017,es,NONE
816387973285605377,609977261,"@BestiasAlVolant Excelente, siempre me persigno cuando entro a uno",Tue Jan 03 20:57:15 +0000 2017,es,P
816563594372509696,3630941062,"@LeslieLeiblinZa claro que si, yo estoy en Asia se sintió fuerte pero fue cortito",Wed Jan 04 08:35:06 +0000 2017,es,NONE
816270545159385089,1965967304,Todo es mejor de lo que parece cuando recordamos que Dios está de nuestro lado.,Tue Jan 03 13:10:38 +0000 2017,es,P
816269421027135488,3363949623,"Construye nuevos recuerdos, en eso consiste el futuro",Tue Jan 03 13:06:10 +0000 2017,es,NONE
816282953718366209,112910889,"Hoy con nuevos retos, ya no falta nada de nada para el GRAN día",Tue Jan 03 13:59:56 +0000 2017,es,NONE
816282818636562433,75605526,"@johannalfaros @Eduardo_JuarezM @oscargffu vuelvo a AQP en unos días, será que podemos vernos?",Tue Jan 03 13:59:24 +0000 2017,es,NONE
816170574367989761,624154199,"@LuchoCastanedaL prohibir paraderos En Pza Union, Pza 2 Mayo agilizaria el tráfico.",Tue Jan 03 06:33:23 +0000 2017,es,NEU
816339428767657984,83439122,"@nat_ea con realidad me refiero al trato limeño, nada comparado con el cusqueño",Tue Jan 03 17:44:21 +0000 2017,es,NONE
816337346501152768,83439122,"Y bueno, fue un año nuevo diferente. Pero se acabó y ahora toca volver a la realidad",Tue Jan 03 17:36:04 +0000 2017,es,NEU
816340895830339584,367496190,Me emociona mucho que les pasen cosas bonitas a las personas que quiero,Tue Jan 03 17:50:11 +0000 2017,es,P
816669567246286848,277595715,@Gadhafy a mi me renovaron y no me tocaron (hasta ahora) el sueldo así que ando más o menos easy,Wed Jan 04 15:36:12 +0000 2017,es,P
816759188445663233,33227389,No pude con mi genio y voy a almorzar. Para colmo combinado de pollo con gaseosa,Wed Jan 04 21:32:19 +0000 2017,es,NONE
816368887101014017,780673928,Aún no estoy listo para una nueva mamá,Tue Jan 03 19:41:24 +0000 2017,es,N
816368772848250880,998039726,"@gialau04_ ta weno, es que me pongo celosa",Tue Jan 03 19:40:57 +0000 2017,es,NEU
816451793068654592,301025644,@kevinghidalgo @BrunnerCesar @Aylen_1616 El prox viernes vamos,Wed Jan 04 01:10:51 +0000 2017,es,NONE
816474931206778880,3312592103,mi última noche en tarapoto la he pasado hermoso estos días y en verdad no quiero irme,Wed Jan 04 02:42:47 +0000 2017,es,P
816476906015064064,83981683,@ron_quintanilla el de hoy es feo,Wed Jan 04 02:50:38 +0000 2017,es,N
816663569982980097,97387302,@cinencuentro gracias por compartir el teaser amigos de Cienencuentro,Wed Jan 04 15:12:22 +0000 2017,es,NONE
816667608913219585,148445379,Es inevitable que salga mi lado niño cuando se trata de fútbol y/o carros,Wed Jan 04 15:28:25 +0000 2017,es,NONE
816684107421851648,344836511,"@LoboDeAndunie que buena, esos alucinados que fingen ser Lobos, y esos que fingen ser gay y no saben nada de nosotros",Wed Jan 04 16:33:59 +0000 2017,es,NONE
816689206235959296,235368605,4 de enero y hoy empiezo a disfrutar todo todito todoooo,Wed Jan 04 16:54:14 +0000 2017,es,P
816689117014753288,215816913,"a mí me dicen ven a mi casa a las 2 y lo multiplico por 4, nos vemos a las 8, papu",Wed Jan 04 16:53:53 +0000 2017,es,NONE
816679131970760704,367452499,@CaveroMv Eso es indiscutible. Bien por los cremas.,Wed Jan 04 16:14:12 +0000 2017,es,P
816702739434635264,759585997,"he leído que hay un cd drama de aizawa con mic donde van a una cita o algo así pero no lo encuentro, no jueguen con mis sentimientos",Wed Jan 04 17:48:01 +0000 2017,es,NONE
816639113579401216,7063882,"@AlejVillalobos @mczorro No es perfecta, tiene sus cositas. Pero el balance es bueno, bastante bueno. Y claro, sales cantando",Wed Jan 04 13:35:11 +0000 2017,es,P
816526996889026560,41445207,"@SamanthaLaraC faltabas mi samo, la familia unida jajajajaja, te extraño, venn",Wed Jan 04 06:09:41 +0000 2017,es,N
816617576927260672,243038771,Ya parezco viejita levantándome y acostándome temprano,Wed Jan 04 12:09:37 +0000 2017,es,N
816643916434968576,568633693,@YurikitoKSP @Universitario que feo tu corazoncito! Deja ser feliz a los demás,Wed Jan 04 13:54:16 +0000 2017,es,NONE
816643185460080640,68750328,@natsumifs Buena Nats ! Yo llevo casi año y medio sin fumar y fue la mejor decisión,Wed Jan 04 13:51:22 +0000 2017,es,NONE
816642753903915008,7063882,@mczorro @Carlos_Chavez Ya sabes cómo me siento cuando tengo que cruzar media ciudad para ver una película,Wed Jan 04 13:49:39 +0000 2017,es,N
816600454679273472,104357888,Quiero unas verdaderas vacaciones. Las necesito.,Wed Jan 04 11:01:34 +0000 2017,es,NONE
816739033317593098,200765965,"Que feo cuando se hacen cagones, pinches malcriados",Wed Jan 04 20:12:14 +0000 2017,es,N
816713515348197380,3312592103,@fferxx_ yo te extraño más con suerte a fines de febrero voy por eeuu y te visito,Wed Jan 04 18:30:50 +0000 2017,es,NONE
817393353008549889,125691345,"A recuperar la resistencia física, hola Viernes sangriento!!!",Fri Jan 06 15:32:16 +0000 2017,es,NONE
817391840815157249,42751652,"@fernandomerino @Lizzfrr buen dato lo pondré en prácticaaaaaa, gracias",Fri Jan 06 15:26:15 +0000 2017,es,P
817451677502476289,118281700,@gabogarcia Lo pronunciamos pellót así fuerte!! . Cl,Fri Jan 06 19:24:02 +0000 2017,es,NONE
817478134836641793,276267142,"Todas creemos ser diferentes para esa persona en especial. La verdad es que quien es diferente es el. Ytb hace que pensemos ""conocer""",Fri Jan 06 21:09:10 +0000 2017,es,NONE
817495230245175297,779900749820129280,#FinDeSemanaPara perderse hasta las últimas con los amigos,Fri Jan 06 22:17:05 +0000 2017,es,NONE
817510189733740544,10637792,@Bmndjr no funciona en iOS está desarrollada solo para Android,Fri Jan 06 23:16:32 +0000 2017,es,NONE
817509559719882753,370729057,@NaomiwongJimen2 Jaja que buena! Lo probare entonces,Fri Jan 06 23:14:02 +0000 2017,es,P
817515066043965441,134189158,Traigo un bronceado envidiable. Mentira. Todo me arde,Fri Jan 06 23:35:55 +0000 2017,es,NEU
817456640416890880,173348326,Solo han pasado 2 horas desde que me levante y ya tengo sueño de nuevo,Fri Jan 06 19:43:45 +0000 2017,es,NONE
817458292913938432,2962457649,@ivyjara Aunque te extraño mucho y quisiera abrazarte y besarte con todo mi amor y cariño,Fri Jan 06 19:50:19 +0000 2017,es,NONE
817526226474639364,1225569499,La primera melancolía del año Ojalá la oportunidad regrese y el talento esté ahí siempre u.u,Sat Jan 07 00:20:15 +0000 2017,es,NONE
817526193935319040,776869499102429184,"Me he dado cuenta que soy de emocionarme con cosas pequeñas, si no estuviera en la biblioteca estaría saltando de felicidad #Feliz",Sat Jan 07 00:20:08 +0000 2017,es,NONE
817525630589923328,41445207,@DjuJuMa si webitas lo sé pero la extraño,Sat Jan 07 00:17:53 +0000 2017,es,N
817525162019090432,58539270,@MilesdeMiles_ esto es en serio? Pobrecito!,Sat Jan 07 00:16:02 +0000 2017,es,N
817530312192356353,41931821,"Dios aprieta pero no ahorca, creo que es muy cierto",Sat Jan 07 00:36:30 +0000 2017,es,NEU
817529511306592257,387233473,"@TubinoCarlos te vas de la ""Bankada""? Que buena noticia... Pero ahora seguro la china te da por el tubino",Sat Jan 07 00:33:19 +0000 2017,es,P
817520539623456768,998039726,"@gialau04_ mis papás saben que eres sinónimo de borrachera, ya te conocen, sorry",Fri Jan 06 23:57:40 +0000 2017,es,N
817391271673266176,42751652,@Lizzfrr el nuevo Dr Vet @fernandomerino ayudeme mi perrita no acepta a un cachorro que le hemos dado temporal que hago?,Fri Jan 06 15:24:00 +0000 2017,es,NONE
817389565996625920,1426367294,Ayeeer en Sasuke Shinden! JAJAJA que letra mas fea debe ser de naruto. Por otro lado la policía militar,Fri Jan 06 15:17:13 +0000 2017,es,N
817405629966872577,83981683,@MaricieloCernaU justo ayer que vi tu foto te iba a decir que bonita calle,Fri Jan 06 16:21:03 +0000 2017,es,P
817393945680510977,2271875317,"@KarolCavero Hola amiga, hermana de mi buen amigo. Ni para mi tengo",Fri Jan 06 15:34:37 +0000 2017,es,NONE
817360762045865984,772670969903185920,"@ludwikapaleta si, muy hermoso, y eso que no me conociste a mi",Fri Jan 06 13:22:46 +0000 2017,es,P
817413370332778496,191687524,@atenea2guerrera maldita sea !!!!! no fui yo Gracias Kellyyyyyyyyy !!!!!!!!!!!!!,Fri Jan 06 16:51:48 +0000 2017,es,NEU
817414583405150210,1332711452,Hoy se acaba la fiesta más bonita del año! #últimodíadenavidad #bajadadereyes…,Fri Jan 06 16:56:38 +0000 2017,es,P
817414297202655234,191687524,@atenea2guerrera @JorgePonceCaraz siii !! eso haré !! yo no ubico esa publicación alucina ! que raro,Fri Jan 06 16:55:29 +0000 2017,es,NONE
817379302903791618,2865943228,Tres cosas para lo que no soy buena: 1- cocinar 2- maquillaje 3- cantar. Pero así me quieren,Fri Jan 06 14:36:26 +0000 2017,es,NEU
817357988428218369,201808295,Es tiempo de una nueva aventura,Fri Jan 06 13:11:44 +0000 2017,es,NONE
817356376150315008,772670969903185920,#SiFueseBillonario te pago la operación para que te cambies de cara por fea @MananaMaldita,Fri Jan 06 13:05:20 +0000 2017,es,N
817399161662373889,400493360,Qué triste debe ser redactar una nota bien alegre sobre los feriados que decreta el Gobierno y saber que tú no los vas a disfrutar,Fri Jan 06 15:55:21 +0000 2017,es,N
817384421783457799,775549057158766592,Adios pajita jajajaja #ReproducePonteBonitaByMHart #VillaranCoimera #SIGUEMEYTESIGO #SiguemeYTeSigoAlInstante…,Fri Jan 06 14:56:47 +0000 2017,es,NONE
817384314228903938,1068330698,"Buenos días, ya casi se acaban mis vacaciones",Fri Jan 06 14:56:21 +0000 2017,es,N
818708714182115328,509122628,Adoro su carita cuando me dice hermosa,Tue Jan 10 06:39:02 +0000 2017,es,P
818726051438297089,974990972,En boca de mentiroso lo cierto se hace dudoso.,Tue Jan 10 07:47:56 +0000 2017,es,NONE
818629078911713281,32443163,2da semana de talleres de naturaleza!! que nuevos retos vendran??,Tue Jan 10 01:22:36 +0000 2017,es,NONE
818638068949413888,479907296,"Pajita el nuevo ambiente laboral, donde al parecer teniendo una buena planificacion y un gran equipo se puede salir a su hora",Tue Jan 10 01:58:19 +0000 2017,es,P
818872695039397888,40236662,@vicoba89 la verdad es que estamos buscando full time,Tue Jan 10 17:30:39 +0000 2017,es,NONE
819028386278469633,117564966,@BtzabGomez alaaaaaaaaa jajaja yo tengo aire acondicionado al menos en donde estas trabajando??,Wed Jan 11 03:49:18 +0000 2017,es,NONE
819026857676906496,81204324,Ya me dio nostalgia viendo tantos videos de clásicos antiguos,Wed Jan 11 03:43:14 +0000 2017,es,P
819023408255991810,312135199,No debí cogerme la cara con las manos suciaaaaas!!,Wed Jan 11 03:29:31 +0000 2017,es,N
819009094182809600,2421564739,@LaliaB24 Igual después del 20 se quedan sin chamba esos payasos. Lo único bueno de ese día: no quedará UN SOLO obamista en la Tierra.,Wed Jan 11 02:32:39 +0000 2017,es,P
818655949795823616,19729967,No entiendo la actitud agresiva gratén de tuiter. Si te jode lo que digo no masoquees y no me sigas. Es lo sano,Tue Jan 10 03:09:22 +0000 2017,es,NEU
818682475614445568,455289348,"Si pudiese cantar bonito no dejaría de hacerlo con ""Come what may"" de Moulin Rouge",Tue Jan 10 04:54:47 +0000 2017,es,NONE
818654616015568896,133986646,La nueva versión de #Baywatch no paga,Tue Jan 10 03:04:04 +0000 2017,es,N
818902103770988544,3373267798,Como me hace feliz caminar,Tue Jan 10 19:27:30 +0000 2017,es,P
818975041329119235,1005307664,"Terminando la reunión!!! feliz de ver el crecimiento, vamos por más! #ShowPerúFusión #Piura #AsocPDC",Wed Jan 11 00:17:20 +0000 2017,es,P
818914120703602688,759061650548850689,"@carlonchodemoda ya pss quiero ver juego , aguita pa ti!!!",Tue Jan 10 20:15:15 +0000 2017,es,NONE
818989140570230784,1625937601,Desde hoy haré mejor las cosas,Wed Jan 11 01:13:21 +0000 2017,es,NONE
819014265143263232,974990972,"Hay dos personas a las que les confío todo y justo en este momento, ni en visto me dejan",Wed Jan 11 02:53:12 +0000 2017,es,NONE
818796320345518081,447232578,"Me da cólera levantarme y no tener mi piercing en la nariz, siento que cuando duermo soy sonámbula o algún fantasma me lo saca",Tue Jan 10 12:27:09 +0000 2017,es,N
818806254437023744,1496885906,Ese placer secreto de quedarte sin datos y no saber qué michi pasa en el mundo,Tue Jan 10 13:06:38 +0000 2017,es,N
818832660692930560,69448674,"@esquinabaja yeeeeh y de buenas decisiones! (Preferiblemente tomadas antes del trago, sino ya fue pues)",Tue Jan 10 14:51:34 +0000 2017,es,P
818881943110553601,76040253,@sergiocaycho hay que vernos porfa,Tue Jan 10 18:07:23 +0000 2017,es,NONE
818880366866010112,223657169,Ser feliz si eso significa alejarte de personas que quieres pero que te hicieron daño importa mas tu felicidad,Tue Jan 10 18:01:08 +0000 2017,es,NEU
818904088322547712,469058577,Tener una panza de embarazada cuando terminas de comer no es normal.,Tue Jan 10 19:35:23 +0000 2017,es,N
818870507516952577,226010438,"@BeluFerruzo si o si regresaras a Perú baby! Es más, cuando leas esto es probable que estés aquí ya #PorFin",Tue Jan 10 17:21:57 +0000 2017,es,NONE
818882542015311874,76040253,El dolor de rodilla no me ha parado desde el primer día,Tue Jan 10 18:09:46 +0000 2017,es,NONE
818885897093582848,215491878,Ay me duele mi estómago Xq comi eso ayer No grasa ni gaseosa Será lo última vez lo prometo,Tue Jan 10 18:23:06 +0000 2017,es,N
818888159761170433,76040253,"Broder, que pinxe tráfico hay en Salaverry, por UPC. No jodas, voy a llegar tarde de nuevo",Tue Jan 10 18:32:06 +0000 2017,es,N
818918670093127681,160162379,Odio la burocracia y mucho más la burocracia mal estructurada,Tue Jan 10 20:33:20 +0000 2017,es,N
818922745660641282,160162379,Mientras mi jefe no se entere todo ok lol Los demás si tenemos sentido común,Tue Jan 10 20:49:32 +0000 2017,es,NONE
818926529778511872,3450432072,"@Phoemi Hola! en estos momento van chequear tu solicitud para poder ayudarte lo antes posible, lamentamos el retraso",Tue Jan 10 21:04:34 +0000 2017,es,NONE
819203710207348736,281763696,@ysitedigoalgo Como la mayoría de los mortales  . Por lo menos es lindo por dentro y se acepta como es.,Wed Jan 11 15:25:59 +0000 2017,es,P
819201743053590530,1699400576,@ccori_alejandra y yo te extraño un mundo! este verano sin ti destruye mi alma #dramaon,Wed Jan 11 15:18:10 +0000 2017,es,N
819182636908380161,515774422,"Llegar a la agencia y solo te reciben los pendientes, como no me reciben con un lomito saltado",Wed Jan 11 14:02:14 +0000 2017,es,N
818825824015151104,57993158,"@CheLa_is Marcelitaaa, aprovecha nuestro hermoso clima. No sabes cuánto se extraña",Tue Jan 10 14:24:24 +0000 2017,es,P
818841789280952321,572264600,Esperando el metropolitano hace 26 minutos,Tue Jan 10 15:27:50 +0000 2017,es,N
818840551940206592,3362845965,"@Hctor23188075 @pcmperu no sé eso espero, y lo mismo que anulen eso de la prescribición de los delitos, no sé si menciona algo de eso",Tue Jan 10 15:22:55 +0000 2017,es,NONE
819215788485775360,770853570,"No es que me volví ""ANTISOCIAL"", eso nunca, solo que por respeto a mis criterios y lógicas me volví un ""ANTIALGUNASPERSONAS"" nada mas",Wed Jan 11 16:13:58 +0000 2017,es,NONE
819221741113405440,416437440,No pude soportar el tremendo sol que hace,Wed Jan 11 16:37:38 +0000 2017,es,N
819222987459137536,277318489,"@EstefaniaM siempre habrá algo amiga, pero con el tiempo lo superas y pierden importancia",Wed Jan 11 16:42:35 +0000 2017,es,P
818894333273378816,521921281,@BrSC8 @Migvelinho puta que rico csm. Vuelvo al encierro y de paso a comer carnes congeladas por 15 días,Tue Jan 10 18:56:38 +0000 2017,es,P
819019249867952128,280686132,Cómo es eso que te extraño? Tamaaare,Wed Jan 11 03:13:00 +0000 2017,es,N
819032527562227712,81204324,"@Fannylunita Solo jodo amiga Fanny! No se que tan buena persona sea Puchungo, pero si es cierto lo que dices, bacán!",Wed Jan 11 04:05:46 +0000 2017,es,P
819057655994007552,1474852008,@citayrnde @VickyySquad fui la primera seguidora merezco algo? No?,Wed Jan 11 05:45:37 +0000 2017,es,NONE
819057447285440512,394354148,Que rico es ir al cine sola. Llorar y cagarte de risa a la vez sin que nadie te critique. Hermoso. Repetiré la misma hazaña más tarde,Wed Jan 11 05:44:47 +0000 2017,es,P
818704023637422080,3423300857,"""Si tu supieras que por ti me muero, que yo te quiero te quiero te quiero te quiero..."" POR FIN TE ENCONTRE",Tue Jan 10 06:20:24 +0000 2017,es,NONE
819060581076443137,1474852008,Levántate a hacer pis y de paso háblame,Wed Jan 11 05:57:14 +0000 2017,es,NONE
818917869614403584,160162379,Lo peor es que esos materiales no están regularizados por su culpa. Y la computadora es lenta porque no nos la quiere cambiar,Tue Jan 10 20:30:09 +0000 2017,es,N
818911384390012928,277318489,No fue fácil pero la vida sigue,Tue Jan 10 20:04:23 +0000 2017,es,NEU
818910201239785476,19729967,Uno va con confianza al supermercado porque se supone que respetan los precios que ofrecen. En la caja los cambian y no te fijas,Tue Jan 10 19:59:41 +0000 2017,es,N
819154075228966912,332850168,"Les personas no somos eternas Lo más importante es el legado que dejamos, la enseñanza para toda una familia y una generación",Wed Jan 11 12:08:45 +0000 2017,es,NEU
819152877285507072,280686132,Seré breve: quiero yuquitas y por mi chamba no venden,Wed Jan 11 12:03:59 +0000 2017,es,NONE
819246363074560011,14070837,@PerezJoseAlb @Chelseaboni vamos! Quiero volver para el nuevo año 2018! será genial piénsenlo y me avisan!,Wed Jan 11 18:15:28 +0000 2017,es,P
819264558900645888,287877262,Siento que estoy tan gordo que en cualquier momento romperé la silla de plástico,Wed Jan 11 19:27:46 +0000 2017,es,N
819270411204644866,440380151,"¿nunca han soñado que estan apuñalando a alguien y al ver que la sangre brota les provoca más clavarle el cuchillo?,¿no?,¿Soy solo yo?",Wed Jan 11 19:51:01 +0000 2017,es,N
819271873720700935,364314397,"Hoy es el cumpleaños de mi hermana, no la pasó tan bien igual siempre estaré a su lado.",Wed Jan 11 19:56:50 +0000 2017,es,N
819231006280548352,160162379,"Que bonito debe ser vivir así, siendo caradura y sin pedir disculpas",Wed Jan 11 17:14:27 +0000 2017,es,N
819230927259889664,160162379,Mi jefe me acaba de regañar por un error que él cometió Al medio del regaño recordó que era su culpa y cambio de tema.,Wed Jan 11 17:14:08 +0000 2017,es,NONE
819257424356003850,580497512,un libro en mis manos era un motivo para ser feliz,Wed Jan 11 18:59:25 +0000 2017,es,P
819342888681218049,536578091,"No importa cuánto me esfuerce, mi letra siempre será horrible",Thu Jan 12 00:39:01 +0000 2017,es,N
819299515123515396,4874299571,"Estimada @evaayllon, reciba un cordial saludo, nosotros somos el 1er Centro de Ozonoterapia en el Perú, contamos con muchos tratamientos",Wed Jan 11 21:46:40 +0000 2017,es,NONE
819280975549104132,2319218221,Al final el tiempo terminó por darme la razón,Wed Jan 11 20:33:00 +0000 2017,es,NONE
819411931547181056,4912153699,@SamanthaRojas recién puede ver el último video que subiste. Gracias por dejarnos saber un poco más de ti,Thu Jan 12 05:13:23 +0000 2017,es,P
819279293410844673,160162379,Mejor no llamo por teléfono a nadie o los mandaré al carajo,Wed Jan 11 20:26:19 +0000 2017,es,NONE
819397268944093184,533781066,La realidad es que ella ya no es mi mejor amiga,Thu Jan 12 04:15:07 +0000 2017,es,NONE
819399794363928576,3308827240,"@biebsdere hola! Me gustaría saber como se llama el actor ( el q llega ofrecerle el control a el protagonista ""Adam"") por FA. Responde!",Thu Jan 12 04:25:09 +0000 2017,es,NONE
819403832539148288,1637649008,@Josvach no fui al último concierto pq nadie me quería acompañar,Thu Jan 12 04:41:12 +0000 2017,es,N
819402003847774208,1637649008,@RoxyMarquez91 me puedo volver loco yo quiero me MUERO POR UN GATITO,Thu Jan 12 04:33:56 +0000 2017,es,NONE
819397621106221057,346951471,@JohnsitoCb Ya sabía que un chivito se iría a la mariconada.,Thu Jan 12 04:16:31 +0000 2017,es,NONE
819277149274275840,277318489,Hazme un favor y has lo posible por no cruzarte conmigo este año,Wed Jan 11 20:17:48 +0000 2017,es,NONE
819276021988020230,324579655,Bueeeeno... no me siento bien. Gracias playlist por cagarme peor,Wed Jan 11 20:13:19 +0000 2017,es,N
819423188580966400,3423300857,D.O eres genial ...Feliz cumpleaños y q sean muchos años más #E #EL #KPOp,Thu Jan 12 05:58:06 +0000 2017,es,P
819390994936369154,54821385,"En mi cabeza, en mi cabeza vas dando vueltas! Estoy muy emocionado por algo GIGANTE que se me viene!!!!!!",Thu Jan 12 03:50:11 +0000 2017,es,P
